{
  "features": [
    {
      "output_column": "category",
      "type": "complex",
      "rule": {
        "conditions": [
          {
            "condition": "age < 20",
            "sub_conditions": [
              {
                "condition": "score < 10",
                "value": "child with score less than 10"
              },
              {
                "condition": "score >= 10 and score < 20",
                "value": "child with score between 10 and 20"
              },
              {
                "condition": "score >= 20",
                "value": "child with score more than 20"
              }
            ]
          },
          {
            "condition": "age >= 18 and age < 50",
            "value": "adult"
          },
          {
            "condition": "age >= 60",
            "value": "senior"
          }
        ],
        "default": "unknown"
      }
    },
    {
      "output_column": "score_bucket",
      "type": "transformation",
      "rule": {
        "expression": "CASE WHEN score < 10 THEN 'low' WHEN score BETWEEN 10 AND 20 THEN 'medium' ELSE 'high' END"
      }
    },
    {
      "output_column": "age_squared",
      "type": "arithmetic",
      "rule": {
        "expression": "age * age"
      }
    }
  ]
}